{"coverage": 86.3905325443787, "raw_data": {"meta": {"format": 2, "version": "7.4.3", "timestamp": "2024-02-29T10:26:47.414598", "branch_coverage": false, "show_contexts": false}, "files": {"src/opensearch_log/__about__.py": {"executed_lines": [], "summary": {"covered_lines": 0, "num_statements": 1, "percent_covered": 0.0, "percent_covered_display": "0", "missing_lines": 1, "excluded_lines": 0}, "missing_lines": [1], "excluded_lines": []}, "src/opensearch_log/base_handler.py": {"executed_lines": [1, 2, 3, 7, 8, 10, 12, 13, 15], "summary": {"covered_lines": 7, "num_statements": 8, "percent_covered": 87.5, "percent_covered_display": "88", "missing_lines": 1, "excluded_lines": 0}, "missing_lines": [17], "excluded_lines": []}, "src/opensearch_log/cloudwatch_handler.py": {"executed_lines": [1, 3, 4, 5, 6, 7, 9, 10, 11, 13, 14, 15, 17, 18, 19, 22, 23, 25, 27, 28, 29, 30, 31, 32, 33, 34, 35, 37, 38, 40, 42, 43, 47, 55, 56, 57, 59, 66, 67, 69, 71, 72, 74, 75, 77, 79, 80, 82, 83, 85, 88, 90, 96, 97, 98, 100, 101, 103, 104, 105, 107, 108, 109, 110, 115, 122, 124, 125, 126, 127, 129, 131, 132, 135], "summary": {"covered_lines": 72, "num_statements": 86, "percent_covered": 83.72093023255815, "percent_covered_display": "84", "missing_lines": 14, "excluded_lines": 0}, "missing_lines": [60, 62, 64, 86, 116, 117, 118, 119, 120, 144, 145, 150, 151, 152], "excluded_lines": []}, "src/opensearch_log/json_log.py": {"executed_lines": [1, 2, 3, 4, 5, 6, 8, 10, 12, 13, 14, 19, 21, 23, 24, 25, 26, 27, 28, 29, 31, 34, 38, 39, 40, 41, 42, 43, 44, 45, 48, 50, 56, 59, 60, 61, 64, 65, 66, 69, 71, 72, 73, 76, 78, 79, 80, 81, 84, 86, 87, 88, 89, 92, 93, 95, 97, 98, 100, 102, 103, 105, 112, 115, 118, 119, 120, 121, 122, 123, 125, 127, 129, 132, 143, 144, 145, 147, 148, 151, 152, 153], "summary": {"covered_lines": 80, "num_statements": 80, "percent_covered": 100.0, "percent_covered_display": "100", "missing_lines": 0, "excluded_lines": 0}, "missing_lines": [], "excluded_lines": []}, "src/opensearch_log/opensearch_handler.py": {"executed_lines": [1, 3, 4, 5, 6, 7, 8, 10, 11, 13, 14, 15, 16, 19, 20, 22, 23, 26, 27, 28, 29, 30, 31, 32, 33, 43, 44, 46, 47, 49, 60, 63, 64, 65, 68, 71, 72, 75, 76, 77, 78, 80, 81, 85, 87, 89, 91, 92, 93, 95, 96, 98, 100, 102, 104, 106, 108, 109, 110, 112, 113, 115, 116, 117, 119, 120, 122, 127, 128, 129, 130, 131, 136, 137, 138, 139, 140, 146, 148, 150, 176, 177, 178, 179, 180, 182, 183, 184, 185, 186, 189, 191, 192, 193, 198, 199, 200, 201, 203, 204, 205, 206, 208, 209, 210, 211, 212, 214, 215, 216, 217, 218, 221, 251], "summary": {"covered_lines": 109, "num_statements": 139, "percent_covered": 78.41726618705036, "percent_covered_display": "78", "missing_lines": 30, "excluded_lines": 2}, "missing_lines": [66, 83, 103, 123, 141, 142, 151, 152, 153, 154, 155, 156, 160, 161, 162, 170, 171, 173, 174, 187, 233, 234, 245, 246, 247, 248, 252, 256, 257, 258], "excluded_lines": [205, 210]}, "src/opensearch_log/opensearch_serializer.py": {"executed_lines": [1, 2, 4, 7, 8, 13, 15, 16, 17, 18], "summary": {"covered_lines": 8, "num_statements": 8, "percent_covered": 100.0, "percent_covered_display": "100", "missing_lines": 0, "excluded_lines": 0}, "missing_lines": [], "excluded_lines": []}, "src/opensearch_log/stdout_handler.py": {"executed_lines": [1, 2, 3, 5, 6, 7, 10, 11, 13, 15, 17, 19, 22, 31, 41, 43, 44, 45], "summary": {"covered_lines": 16, "num_statements": 16, "percent_covered": 100.0, "percent_covered_display": "100", "missing_lines": 0, "excluded_lines": 0}, "missing_lines": [], "excluded_lines": []}}, "totals": {"covered_lines": 292, "num_statements": 338, "percent_covered": 86.3905325443787, "percent_covered_display": "86", "missing_lines": 46, "excluded_lines": 2}}, "coverage_path": "."}