{"coverage": 88.4180790960452, "raw_data": {"meta": {"format": 2, "version": "7.4.3", "timestamp": "2024-03-08T13:35:11.029210", "branch_coverage": false, "show_contexts": false}, "files": {"src/opensearch_log/__about__.py": {"executed_lines": [], "summary": {"covered_lines": 0, "num_statements": 1, "percent_covered": 0.0, "percent_covered_display": "0", "missing_lines": 1, "excluded_lines": 0}, "missing_lines": [1], "excluded_lines": []}, "src/opensearch_log/base_handler.py": {"executed_lines": [1, 3, 4, 8, 9, 11, 13, 14, 16], "summary": {"covered_lines": 7, "num_statements": 8, "percent_covered": 87.5, "percent_covered_display": "88", "missing_lines": 1, "excluded_lines": 0}, "missing_lines": [18], "excluded_lines": []}, "src/opensearch_log/cloudwatch_handler.py": {"executed_lines": [1, 3, 4, 5, 6, 7, 9, 10, 11, 12, 19, 20, 21, 23, 24, 25, 28, 29, 31, 33, 34, 35, 36, 37, 38, 39, 40, 41, 43, 44, 46, 48, 49, 53, 61, 62, 63, 65, 72, 73, 75, 77, 78, 80, 81, 83, 85, 86, 88, 89, 91, 94, 96, 102, 103, 104, 106, 107, 109, 110, 111, 113, 114, 115, 116, 121, 128, 130, 131, 132, 133, 135, 137, 138, 141], "summary": {"covered_lines": 73, "num_statements": 89, "percent_covered": 82.02247191011236, "percent_covered_display": "82", "missing_lines": 16, "excluded_lines": 0}, "missing_lines": [13, 14, 66, 68, 70, 92, 122, 123, 124, 125, 126, 150, 151, 156, 157, 158], "excluded_lines": []}, "src/opensearch_log/json_log.py": {"executed_lines": [1, 3, 4, 5, 6, 7, 9, 11, 13, 14, 15, 20, 22, 24, 25, 26, 27, 28, 29, 30, 32, 35, 39, 40, 41, 42, 43, 44, 45, 46, 49, 51, 57, 60, 61, 62, 65, 66, 67, 70, 72, 73, 74, 77, 79, 80, 81, 82, 85, 87, 88, 89, 90, 93, 94, 96, 98, 99, 101, 103, 104, 106, 113, 116, 119, 120, 121, 122, 123, 124, 126, 128, 130, 133, 144, 145, 146, 148, 149, 152, 153, 154], "summary": {"covered_lines": 80, "num_statements": 80, "percent_covered": 100.0, "percent_covered_display": "100", "missing_lines": 0, "excluded_lines": 0}, "missing_lines": [], "excluded_lines": []}, "src/opensearch_log/opensearch_handler.py": {"executed_lines": [1, 3, 4, 5, 6, 7, 8, 10, 12, 13, 20, 21, 22, 23, 26, 27, 29, 30, 33, 34, 35, 36, 37, 38, 39, 40, 50, 51, 53, 54, 56, 67, 70, 71, 72, 75, 78, 79, 82, 83, 84, 85, 87, 88, 92, 94, 96, 98, 99, 100, 102, 103, 105, 107, 109, 111, 113, 115, 116, 117, 119, 120, 122, 123, 124, 126, 127, 129, 134, 135, 136, 137, 138, 143, 144, 145, 146, 147, 153, 155, 157, 158, 159, 160, 161, 162, 167, 168, 169, 177, 180, 181, 183, 184, 185, 186, 187, 189, 190, 191, 192, 193, 196, 198, 199, 200, 205, 206, 207, 208, 210, 211, 212, 213, 215, 216, 217, 218, 219, 221, 222, 223, 224, 225, 228, 258, 260, 261, 262, 263, 264, 265, 268], "summary": {"covered_lines": 128, "num_statements": 149, "percent_covered": 85.90604026845638, "percent_covered_display": "86", "missing_lines": 21, "excluded_lines": 2}, "missing_lines": [14, 15, 73, 90, 110, 130, 148, 149, 163, 178, 194, 240, 241, 252, 253, 254, 255, 269, 273, 274, 275], "excluded_lines": [212, 217]}, "src/opensearch_log/opensearch_serializer.py": {"executed_lines": [1, 3, 5, 6, 14, 15, 20, 22, 23, 24, 25], "summary": {"covered_lines": 9, "num_statements": 11, "percent_covered": 81.81818181818181, "percent_covered_display": "82", "missing_lines": 2, "excluded_lines": 0}, "missing_lines": [7, 8], "excluded_lines": []}, "src/opensearch_log/stdout_handler.py": {"executed_lines": [1, 3, 4, 6, 7, 8, 11, 12, 14, 16, 18, 20, 23, 32, 42, 44, 45, 46], "summary": {"covered_lines": 16, "num_statements": 16, "percent_covered": 100.0, "percent_covered_display": "100", "missing_lines": 0, "excluded_lines": 0}, "missing_lines": [], "excluded_lines": []}}, "totals": {"covered_lines": 313, "num_statements": 354, "percent_covered": 88.4180790960452, "percent_covered_display": "88", "missing_lines": 41, "excluded_lines": 2}}, "coverage_path": "."}