{"coverage": 89.85507246376811, "raw_data": {"meta": {"format": 2, "version": "7.4.3", "timestamp": "2024-03-01T13:50:16.054549", "branch_coverage": false, "show_contexts": false}, "files": {"src/opensearch_log/__about__.py": {"executed_lines": [], "summary": {"covered_lines": 0, "num_statements": 1, "percent_covered": 0.0, "percent_covered_display": "0", "missing_lines": 1, "excluded_lines": 0}, "missing_lines": [1], "excluded_lines": []}, "src/opensearch_log/base_handler.py": {"executed_lines": [1, 3, 4, 8, 9, 11, 13, 14, 16], "summary": {"covered_lines": 7, "num_statements": 8, "percent_covered": 87.5, "percent_covered_display": "88", "missing_lines": 1, "excluded_lines": 0}, "missing_lines": [18], "excluded_lines": []}, "src/opensearch_log/cloudwatch_handler.py": {"executed_lines": [1, 3, 4, 5, 6, 7, 9, 10, 11, 13, 14, 15, 17, 18, 19, 22, 23, 25, 27, 28, 29, 30, 31, 32, 33, 34, 35, 37, 38, 40, 42, 43, 47, 55, 56, 57, 59, 66, 67, 69, 71, 72, 74, 75, 77, 79, 80, 82, 83, 85, 88, 90, 96, 97, 98, 100, 101, 103, 104, 105, 107, 108, 109, 110, 115, 122, 124, 125, 126, 127, 129, 131, 132, 135], "summary": {"covered_lines": 72, "num_statements": 86, "percent_covered": 83.72093023255815, "percent_covered_display": "84", "missing_lines": 14, "excluded_lines": 0}, "missing_lines": [60, 62, 64, 86, 116, 117, 118, 119, 120, 144, 145, 150, 151, 152], "excluded_lines": []}, "src/opensearch_log/json_log.py": {"executed_lines": [1, 3, 4, 5, 6, 7, 9, 11, 13, 14, 15, 20, 22, 24, 25, 26, 27, 28, 29, 30, 32, 35, 39, 40, 41, 42, 43, 44, 45, 46, 49, 51, 57, 60, 61, 62, 65, 66, 67, 70, 72, 73, 74, 77, 79, 80, 81, 82, 85, 87, 88, 89, 90, 93, 94, 96, 98, 99, 101, 103, 104, 106, 113, 116, 119, 120, 121, 122, 123, 124, 126, 128, 130, 133, 144, 145, 146, 148, 149, 152, 153, 154], "summary": {"covered_lines": 80, "num_statements": 80, "percent_covered": 100.0, "percent_covered_display": "100", "missing_lines": 0, "excluded_lines": 0}, "missing_lines": [], "excluded_lines": []}, "src/opensearch_log/opensearch_handler.py": {"executed_lines": [1, 3, 4, 5, 6, 7, 8, 10, 11, 13, 14, 15, 16, 19, 20, 22, 23, 26, 27, 28, 29, 30, 31, 32, 33, 43, 44, 46, 47, 49, 60, 63, 64, 65, 68, 71, 72, 75, 76, 77, 78, 80, 81, 85, 87, 89, 91, 92, 93, 95, 96, 98, 100, 102, 104, 106, 108, 109, 110, 112, 113, 115, 116, 117, 119, 120, 122, 127, 128, 129, 130, 131, 136, 137, 138, 139, 140, 146, 148, 150, 151, 152, 153, 154, 155, 160, 161, 162, 170, 173, 174, 176, 177, 178, 179, 180, 182, 183, 184, 185, 186, 189, 191, 192, 193, 198, 199, 200, 201, 203, 204, 205, 206, 208, 209, 210, 211, 212, 214, 215, 216, 217, 218, 221, 251, 253, 254, 255, 256, 257, 258, 261], "summary": {"covered_lines": 127, "num_statements": 146, "percent_covered": 86.98630136986301, "percent_covered_display": "87", "missing_lines": 19, "excluded_lines": 2}, "missing_lines": [66, 83, 103, 123, 141, 142, 156, 171, 187, 233, 234, 245, 246, 247, 248, 262, 266, 267, 268], "excluded_lines": [205, 210]}, "src/opensearch_log/opensearch_serializer.py": {"executed_lines": [1, 3, 5, 8, 9, 14, 16, 17, 18, 19], "summary": {"covered_lines": 8, "num_statements": 8, "percent_covered": 100.0, "percent_covered_display": "100", "missing_lines": 0, "excluded_lines": 0}, "missing_lines": [], "excluded_lines": []}, "src/opensearch_log/stdout_handler.py": {"executed_lines": [1, 3, 4, 6, 7, 8, 11, 12, 14, 16, 18, 20, 23, 32, 42, 44, 45, 46], "summary": {"covered_lines": 16, "num_statements": 16, "percent_covered": 100.0, "percent_covered_display": "100", "missing_lines": 0, "excluded_lines": 0}, "missing_lines": [], "excluded_lines": []}}, "totals": {"covered_lines": 310, "num_statements": 345, "percent_covered": 89.85507246376811, "percent_covered_display": "90", "missing_lines": 35, "excluded_lines": 2}}, "coverage_path": "."}